item, time, matrix, first_img, second_img, third_img, fourth_img, fifth_img
1, 15000, matrix.png, distractor1.png, distractor2.png, correct.png, distractor3.png, distractor4.png
2, 15000, matrix.png, distractor1.png, distractor2.png, correct.png, distractor3.png, distractor4.png
3, 15000, matrix.png, distractor1.png, distractor2.png, distractor3.png, distractor4.png, correct.png
4, 15000, matrix.png, distractor1.png, distractor2.png, correct.png, distractor3.png, distractor4.png
5, 15000, matrix.png, distractor1.png, correct.png, distractor2.png, distractor3.png, distractor4.png
6, 15000, matrix.png, distractor1.png, distractor2.png, distractor3.png, correct.png, distractor4.png
7, 15000, matrix.png, distractor1.png, distractor2.png, distractor3.png, distractor4.png, correct.png
8, 15000, matrix.png, distractor1.png, distractor2.png, correct.png, distractor3.png, distractor4.png
9, 15000, matrix.png, correct.png, distractor1.png, distractor2.png, distractor3.png, distractor4.png
10, 15000, matrix.png, distractor1.png, distractor2.png, distractor3.png, distractor4.png, correct.png
11, 15000, matrix.png, correct.png, distractor1.png, distractor2.png, distractor3.png, distractor4.png
12, 15000, matrix.png, distractor1.png, distractor2.png, distractor3.png, correct.png, distractor4.png
13, 15000, matrix.png, distractor1.png, distractor2.png, distractor3.png, distractor4.png, correct.png
14, 15000, matrix.png, distractor1.png, distractor2.png, correct.png, distractor3.png, distractor4.png
15, 15000, matrix.png, distractor1.png, distractor2.png, distractor3.png, correct.png, distractor4.png
16, 15000, matrix.png, distractor1.png, distractor2.png, distractor3.png, correct.png, distractor4.png
17, 15000, matrix.png, correct.png, distractor1.png, distractor2.png, distractor3.png, distractor4.png
18, 15000, matrix.png, distractor1.png, distractor2.png, distractor3.png, correct.png, distractor4.png
19, 15000, matrix.png, distractor1.png, correct.png, distractor2.png, distractor3.png, distractor4.png
20, 15000, matrix.png, distractor1.png, distractor2.png, distractor3.png, correct.png, distractor4.png
21, 15000, matrix.png, distractor1.png, distractor2.png, distractor3.png, correct.png, distractor4.png
22, 15000, matrix.png, correct.png, distractor1.png, distractor2.png, distractor3.png, distractor4.png
23, 15000, matrix.png, correct.png, distractor1.png, distractor2.png, distractor3.png, distractor4.png
24, 15000, matrix.png, distractor1.png, distractor2.png, distractor3.png, correct.png, distractor4.png
25, 15000, matrix.png, correct.png, distractor1.png, distractor2.png, distractor3.png, distractor4.png
26, 15000, matrix.png, distractor1.png, distractor2.png, correct.png, distractor3.png, distractor4.png
27, 15000, matrix.png, distractor1.png, distractor2.png, correct.png, distractor3.png, distractor4.png
28, 15000, matrix.png, distractor1.png, distractor2.png, distractor3.png, distractor4.png, correct.png
29, 15000, matrix.png, distractor1.png, distractor2.png, correct.png, distractor3.png, distractor4.png
30, 15000, matrix.png, distractor1.png, distractor2.png, distractor3.png, correct.png, distractor4.png
31, 15000, matrix.png, correct.png, distractor1.png, distractor2.png, distractor3.png, distractor4.png
32, 15000, matrix.png, distractor1.png, distractor2.png, distractor3.png, distractor4.png, correct.png
33, 15000, matrix.png, distractor1.png, distractor2.png, correct.png, distractor3.png, distractor4.png
34, 15000, matrix.png, distractor1.png, distractor2.png, correct.png, distractor3.png, distractor4.png
35, 15000, matrix.png, distractor1.png, correct.png, distractor2.png, distractor3.png, distractor4.png
36, 15000, matrix.png, distractor1.png, distractor2.png, distractor3.png, distractor4.png, correct.png
37, 15000, matrix.png, distractor1.png, distractor2.png, distractor3.png, correct.png, distractor4.png
38, 15000, matrix.png, distractor1.png, distractor2.png, correct.png, distractor3.png, distractor4.png
39, 15000, matrix.png, distractor1.png, distractor2.png, correct.png, distractor3.png, distractor4.png
40, 15000, matrix.png, distractor1.png, distractor2.png, distractor3.png, distractor4.png, correct.png
41, 15000, matrix.png, distractor1.png, distractor2.png, distractor3.png, correct.png, distractor4.png
42, 15000, matrix.png, distractor1.png, distractor2.png, distractor3.png, correct.png, distractor4.png
43, 15000, matrix.png, distractor1.png, distractor2.png, distractor3.png, correct.png, distractor4.png
44, 15000, matrix.png, distractor1.png, distractor2.png, correct.png, distractor3.png, distractor4.png
45, 15000, matrix.png, distractor1.png, distractor2.png, correct.png, distractor3.png, distractor4.png
46, 15000, matrix.png, distractor1.png, distractor2.png, distractor3.png, correct.png, distractor4.png
47, 15000, matrix.png, distractor1.png, distractor2.png, correct.png, distractor3.png, distractor4.png
48, 15000, matrix.png, distractor1.png, distractor2.png, correct.png, distractor3.png, distractor4.png
49, 15000, matrix.png, distractor1.png, distractor2.png, distractor3.png, distractor4.png, correct.png
50, 15000, matrix.png, distractor1.png, distractor2.png, distractor3.png, correct.png, distractor4.png
51, 15000, matrix.png, distractor1.png, distractor2.png, distractor3.png, correct.png, distractor4.png
52, 15000, matrix.png, distractor1.png, distractor2.png, correct.png, distractor3.png, distractor4.png
53, 15000, matrix.png, distractor1.png, correct.png, distractor2.png, distractor3.png, distractor4.png
54, 15000, matrix.png, distractor1.png, distractor2.png, distractor3.png, correct.png, distractor4.png
55, 15000, matrix.png, distractor1.png, distractor2.png, distractor3.png, distractor4.png, correct.png
56, 15000, matrix.png, distractor1.png, distractor2.png, distractor3.png, distractor4.png, correct.png
57, 15000, matrix.png, distractor1.png, distractor2.png, correct.png, distractor3.png, distractor4.png
58, 15000, matrix.png, distractor1.png, distractor2.png, distractor3.png, distractor4.png, correct.png
59, 15000, matrix.png, correct.png, distractor1.png, distractor2.png, distractor3.png, distractor4.png
60, 15000, matrix.png, distractor1.png, correct.png, distractor2.png, distractor3.png, distractor4.png
61, 15000, matrix.png, correct.png, distractor1.png, distractor2.png, distractor3.png, distractor4.png
62, 15000, matrix.png, distractor1.png, distractor2.png, distractor3.png, distractor4.png, correct.png
63, 15000, matrix.png, distractor1.png, correct.png, distractor2.png, distractor3.png, distractor4.png
64, 15000, matrix.png, distractor1.png, correct.png, distractor2.png, distractor3.png, distractor4.png
65, 15000, matrix.png, correct.png, distractor1.png, distractor2.png, distractor3.png, distractor4.png
66, 15000, matrix.png, correct.png, distractor1.png, distractor2.png, distractor3.png, distractor4.png
